index,export_filename,raw_matched_filename,source_class_id,source_class_name,num_boxes,bounding_boxes_xc_yc_w_h,manual_review,notes
1,img_0e7929a4069c45bd_jpg.rf.465dac252e40f6d26a38b441f0411095.jpg,img_0e7929a4069c45bd.jpg,0,monopole_tower,1,"[0.4873, 0.5098, 0.2002, 0.9277]",,
2,img_0fe5d55fc0564f42_jpg.rf.f35c3c3765991b7b719cf25e28b773d6.jpg,img_0fe5d55fc0564f42.jpg,0,monopole_tower,1,"[0.4414, 0.5693, 0.2588, 0.8613]",,
3,img_1025992249b44a03_jpg.rf.2f227c80b086c8b27aa5042baa6a0790.jpg,img_1025992249b44a03.jpg,0,monopole_tower,1,"[0.4863, 0.5908, 0.3506, 0.7939]",,
4,img_10c04abc902c46a5_jpg.rf.7f2932cac2863c37b92f62e1337f34d2.jpg,img_10c04abc902c46a5.jpg,0,monopole_tower,1,"[0.5010, 0.4902, 0.2432, 0.2793]",,
5,img_14321e8f0c474503_jpg.rf.954f1a97e0de876a9bf8b5da99dc5511.jpg,img_14321e8f0c474503.jpg,0,monopole_tower,1,"[0.3047, 0.5771, 0.1299, 0.8213]",,
6,img_1a49c20eeec349b8_jpeg.rf.4576a624f68c387e3a17d684d16c202b.jpg,img_1a49c20eeec349b8.jpeg,0,monopole_tower,1,"[0.5400, 0.5625, 0.3916, 0.8428]",,
7,img_30b4d83fff124080_jpg.rf.cb469ac4923ea11353dc1055cf288ccd.jpg,img_30b4d83fff124080.jpg,0,monopole_tower,1,"[0.5039, 0.5078, 0.2412, 0.9648]",,
8,img_379c3aa45a2e4755_jpg.rf.3b79b3927b2d5ba305adae85f172f633.jpg,img_379c3aa45a2e4755.jpg,0,monopole_tower,1,"[0.5381, 0.5068, 0.2891, 0.9521]",,
9,img_396da7e485a948ea_jpg.rf.1c7f4f7cedb81291f70425b38c541c4a.jpg,img_396da7e485a948ea.jpg,0,monopole_tower,1,"[0.5635, 0.5508, 0.4307, 0.8564]",,
10,img_3af8add972ce4f12_jpg.rf.7946bb1fae0b34406088009521bc81e9.jpg,img_3af8add972ce4f12.jpg,0,monopole_tower,1,"[0.6240, 0.5078, 0.2900, 0.9844]",,
11,img_3b03b8d3e6244396_jpg.rf.48b7268dfac8fac1c12cfa41f44e82b7.jpg,img_3b03b8d3e6244396.jpg,0,monopole_tower,1,"[0.5117, 0.4639, 0.2148, 0.8594]",,
12,img_42a42eeb1bf44855_JPG.rf.f8f4ffc8e0c89a89c0593512b5694261.jpg,img_42a42eeb1bf44855.JPG,1,supporting_tower,1,"[0.5322, 0.5127, 0.3340, 0.8154]",supporting_tower,Manually corrected in Phase 2.2: changed source class from 0 (monopole) to 1 (supporting)
13,img_522e9d82058144e0_jpg.rf.11a996f199c18d0b3512c30416ac1472.jpg,img_522e9d82058144e0.jpg,0,monopole_tower,1,"[0.6992, 0.5469, 0.2422, 0.9062]",,
14,img_54ce663fee0143ef_jpg.rf.6974a502df4ed6b12aaa9cdd16d23844.jpg,img_54ce663fee0143ef.jpg,0,monopole_tower,1,"[0.5254, 0.5664, 0.4082, 0.8662]",,
15,img_5d8939b24ca840cf_jpg.rf.aee2a563085734c2364563403afd0dc4.jpg,img_5d8939b24ca840cf.jpg,0,monopole_tower,1,"[0.5527, 0.5410, 0.6133, 0.9180]",,
16,img_60420d9c58ea48c4_jpg.rf.895b4f50585f79fdcaa482c2c89ef62f.jpg,img_60420d9c58ea48c4.jpg,0,monopole_tower,1,"[0.4824, 0.6240, 0.3096, 0.7520]",,
17,img_6cf28cca5ac141f1_jpg.rf.28ca6c7470a848187570231d1f776b06.jpg,img_6cf28cca5ac141f1.jpg,0,monopole_tower,1,"[0.5117, 0.5049, 0.2412, 0.9902]",,
18,img_706d9612d51c4cb8_jpg.rf.2f2575a823d451e04e0e35935891a354.jpg,img_706d9612d51c4cb8.jpg,0,monopole_tower,1,"[0.5479, 0.5371, 0.2705, 0.9033]",,
19,img_759864cee7794560_jpg.rf.82d4828efe5ca11c9f270eed0e58465c.jpg,img_759864cee7794560.jpg,0,monopole_tower,1,"[0.5059, 0.6328, 0.2832, 0.7334]",,
20,img_838ea92de2164ded_jpg.rf.d91a30c0ddec6fd8404e91ab81a8a6ca.jpg,img_838ea92de2164ded.jpg,0,monopole_tower,1,"[0.4482, 0.5400, 0.3223, 0.9199]",,
21,img_8557f04878e048e3_jpg.rf.d891a777f9405d1119364fd7b69687ed.jpg,img_8557f04878e048e3.jpg,0,monopole_tower,1,"[0.6201, 0.6025, 0.2998, 0.7949]",,
22,img_8626887577af4c48_jpg.rf.097154dc0a639c2664c3efd607661eec.jpg,img_8626887577af4c48.jpg,0,monopole_tower,1,"[0.5469, 0.5400, 0.2891, 0.9199]",,
23,img_8de203dea6e347ba_jpg.rf.cbc1b6a5ea4aaaf92b23de05aecce4f2.jpg,img_8de203dea6e347ba.jpg,0,monopole_tower,1,"[0.6621, 0.6035, 0.2754, 0.7920]",,
24,img_a926c05ec70d42a0_jpg.rf.7509824f437f727c251fded07b3a9115.jpg,img_a926c05ec70d42a0.jpg,0,monopole_tower,1,"[0.4316, 0.5596, 0.2637, 0.8613]",,
25,img_abff1cb91657419e_png.rf.0c6baafc4cd36d11f6f021d9c938c950.jpg,img_abff1cb91657419e.png,0,monopole_tower,1,"[0.4219, 0.5781, 0.2695, 0.8428]",,
26,img_c1bbd1371a7f4d7c_jpg.rf.fab3eab33cb241433b3fc30f08d978d8.jpg,img_c1bbd1371a7f4d7c.jpg,0,monopole_tower,1,"[0.4727, 0.5439, 0.3730, 0.9121]",,
27,img_c68ae09ce4034f44_jpg.rf.471b6d1f59d9f4e225c20be0c278563e.jpg,img_c68ae09ce4034f44.jpg,0,monopole_tower,1,"[0.5000, 0.5488, 0.0977, 0.9023]",,
28,img_d1add26da12e4c85_jpg.rf.d04040934eacaf48374b991820a40124.jpg,img_d1add26da12e4c85.jpg,0,monopole_tower,1,"[0.5078, 0.4912, 0.2520, 0.8008]",,
29,img_dd25675378654e39_jpg.rf.2421d6e1b8204fe785beac890531bd3a.jpg,img_dd25675378654e39.jpg,0,monopole_tower,1,"[0.5039, 0.5430, 0.1865, 0.9141]",,
30,img_de01e7783ccf4d37_jpg.rf.16d52f8fdd6ab0432d8f9e9a11f72a99.jpg,img_de01e7783ccf4d37.jpg,0,monopole_tower,1,"[0.4805, 0.6113, 0.1016, 0.7773]",,
31,img_f530851773d444f3_jpg.rf.06eb8f71e0c7641e35cd349a5baa9fe1.jpg,img_f530851773d444f3.jpg,0,monopole_tower,1,"[0.3564, 0.5605, 0.1973, 0.8789]",,
32,img_f6f310acff4348e1_jpg.rf.0347fbd389c5b65d1449d880841f86e7.jpg,img_f6f310acff4348e1.jpg,0,monopole_tower,1,"[0.4541, 0.6426, 0.1895, 0.7002]",,
33,img_f6f8dbc9f0bc4ea3_jpg.rf.441ceb21b7011489b810bcd6448a89ec.jpg,img_f6f8dbc9f0bc4ea3.jpg,0,monopole_tower,1,"[0.5771, 0.6064, 0.4033, 0.7871]",,
34,img_f7a73945a186404d_jpeg.rf.de38bb598e6d4b226085d9429f072a08.jpg,img_f7a73945a186404d.jpeg,0,monopole_tower,1,"[0.3994, 0.5361, 0.2734, 0.9268]",,
35,img_h72ebdyu7wdwd_jpg.rf.ebad564c4f4f879338edf30c96a7d847.jpg,img_h72ebdyu7wdwd.jpg,0,monopole_tower,1,"[0.4580, 0.5137, 0.2715, 0.9727]",,
36,img_ha7e2u2d72db_jpg.rf.b39cf471554880fc1a212f47bc7eb954.jpg,img_ha7e2u2d72db.jpg,0,monopole_tower,1,"[0.5488, 0.5566, 0.0918, 0.8867]",,
37,img_hbdy623e2u8_jpg.rf.4aea811429369510684d214cbfebf140.jpg,img_hbdy623e2u8.jpg,0,monopole_tower,1,"[0.3486, 0.5469, 0.1709, 0.9062]",,
