epoch,time,train/box_loss,train/cls_loss,train/dfl_loss,metrics/precision(B),metrics/recall(B),metrics/mAP50(B),metrics/mAP50-95(B),val/box_loss,val/cls_loss,val/dfl_loss,lr/pg0,lr/pg1,lr/pg2
1,5.35304,2.41712,3.51151,2.50688,0.00753,0.83333,0.03056,0.0074,2.38141,4.62101,2.32803,0.000463056,0.000463056,0.000463056
2,9.53901,2.30629,3.47365,2.3764,0.00521,0.61111,0.01494,0.00399,2.68395,4.81481,2.51059,0.00100864,0.00100864,0.00100864
3,13.2546,2.77435,11.7359,2.73413,0.00065,0.27778,0.00039,5e-05,3.52867,234.809,4.47402,0.00154322,0.00154322,0.00154322
4,17.1323,3.12526,20.4021,3.04146,0.00184,0.38889,0.00359,0.00072,3.12734,296.149,3.5159,0.00161749,0.00161749,0.00161749
5,21.2148,3.24378,18.3681,3.0652,0.00184,0.38889,0.0026,0.00055,3.16421,344.052,3.36145,0.00160099,0.00160099,0.00160099
6,25.6299,3.2501,18.502,3.06676,0,0,0,0,nan,nan,nan,0.00158448,0.00158448,0.00158448
7,29.4787,3.48134,30.0614,3.48254,0,0,0,0,nan,nan,nan,0.00156798,0.00156798,0.00156798
8,33.5681,3.30301,10.2677,3.34318,0,0,0,0,nan,nan,nan,0.00155148,0.00155148,0.00155148
9,37.2628,3.2201,4.48475,3.28473,0,0,0,0,nan,nan,nan,0.00153497,0.00153497,0.00153497
10,41.7875,3.38475,3.6808,3.35073,0,0,0,0,nan,nan,nan,0.00151847,0.00151847,0.00151847
11,45.8729,3.18819,3.4581,3.09657,0,0,0,0,nan,nan,nan,0.00150197,0.00150197,0.00150197
12,49.5155,2.9239,3.36156,2.95868,0,0,0,0,nan,nan,nan,0.00148546,0.00148546,0.00148546
13,53.1601,2.80794,3.36527,3.00424,0,0,0,0,nan,nan,nan,0.00146896,0.00146896,0.00146896
14,57.2321,2.86664,3.27013,3.03044,0,0,0,0,nan,nan,nan,0.00145246,0.00145246,0.00145246
15,61.0766,2.96878,3.21215,3.01169,0,0,0,0,nan,nan,nan,0.00143595,0.00143595,0.00143595
16,64.6851,2.70686,3.13887,2.90426,0,0,0,0,nan,nan,nan,0.00141945,0.00141945,0.00141945
17,68.256,2.67764,2.91464,2.95349,0,0,0,0,nan,nan,nan,0.00140295,0.00140295,0.00140295
18,72.9526,2.65345,2.86621,2.87905,0,0,0,0,0,19.9366,0,0.00138644,0.00138644,0.00138644
19,76.535,2.58607,2.71216,2.8327,0,0,0,0,0,6.13955,0,0.00136994,0.00136994,0.00136994
20,80.0709,2.59542,2.78939,2.91501,0,0,0,0,nan,nan,nan,0.00135344,0.00135344,0.00135344
21,84.7799,2.60307,2.76436,2.89342,0,0,0,0,nan,nan,nan,0.00133693,0.00133693,0.00133693
22,88.3392,2.56219,2.72691,2.77331,0,0,0,0,0,0.00201,0,0.00132043,0.00132043,0.00132043
23,91.8839,2.56415,2.63722,2.79011,0,0,0,0,0,0.04022,0,0.00130393,0.00130393,0.00130393
24,95.8746,2.50611,2.61649,2.78866,0,0,0,0,6.83136,8.06601,55.1833,0.00128742,0.00128742,0.00128742
25,99.471,2.65701,2.65649,2.89594,0,0,0,0,6.62507,26.9125,35.9888,0.00127092,0.00127092,0.00127092
26,104.113,2.64542,2.59278,2.88909,0,0,0,0,6.0963,65.0357,12.6189,0.00125442,0.00125442,0.00125442
27,108.082,2.65373,2.79899,2.88185,0,0,0,0,5.86749,38.8171,8.00264,0.00123791,0.00123791,0.00123791
28,111.942,2.4762,2.6361,2.73175,0.00139,0.33333,0.00095,0.00011,4.17032,4.39826,3.97744,0.00122141,0.00122141,0.00122141
29,116.315,2.45681,2.47731,2.78013,0.53173,0.05556,0.0121,0.00124,3.84364,3.90753,3.81838,0.00120491,0.00120491,0.00120491
30,120.214,2.42136,2.40245,2.76759,0.00076,0.16667,0.00153,0.00034,4.18738,4.62354,3.92887,0.0011884,0.0011884,0.0011884
31,124.322,2.46508,2.57487,2.754,0.00058,0.11111,0.00038,8e-05,4.01171,4.63384,3.95991,0.0011719,0.0011719,0.0011719
32,127.978,2.46654,2.52262,2.72137,0.00208,0.27778,0.00192,0.00069,3.71181,4.7835,3.57898,0.0011554,0.0011554,0.0011554
33,131.638,2.33048,2.52049,2.63804,0.00216,0.27778,0.00387,0.00086,3.63157,4.4173,3.67831,0.00113889,0.00113889,0.00113889
34,135.783,2.2836,2.53324,2.65454,0.00151,0.22222,0.00118,0.00022,3.84118,4.48533,3.75571,0.00112239,0.00112239,0.00112239
35,139.402,2.26449,2.45238,2.61248,0.00177,0.33333,0.0023,0.00059,3.5905,4.50281,3.57175,0.00110589,0.00110589,0.00110589
36,143.054,2.37755,2.49008,2.53616,0.0012,0.11111,0.00179,0.00028,4.96089,5.39834,5.17228,0.00108938,0.00108938,0.00108938
37,146.997,2.41576,2.48453,2.76884,0.00131,0.11111,0.00135,0.00033,4.11692,4.67453,4.67626,0.00107288,0.00107288,0.00107288
38,150.918,2.44266,2.60483,2.78687,0.55906,0.05556,0.07585,0.01264,3.14143,5.60306,3.23192,0.00105638,0.00105638,0.00105638
39,157.49,2.2332,2.46886,2.61344,0.61204,0.05556,0.04327,0.01169,3.21234,4.80046,3.29829,0.00103987,0.00103987,0.00103987
40,161.707,2.37034,2.38034,2.66861,0.58059,0.22222,0.07318,0.02506,3.05471,4.31741,3.26792,0.00102337,0.00102337,0.00102337
41,167.734,2.39665,2.43506,2.76185,0.67089,0.44444,0.18442,0.06735,2.93318,4.91344,3.24751,0.00100687,0.00100687,0.00100687
42,174.154,2.22384,2.34715,2.56185,0.75015,0.33378,0.32789,0.09756,3.03426,5.12343,3.27828,0.000990365,0.000990365,0.000990365
43,180.094,2.22602,2.49261,2.54703,0.5961,0.33333,0.13073,0.04553,3.06254,4.53281,3.3451,0.000973861,0.000973861,0.000973861
44,183.739,2.23025,2.43963,2.56086,0.00388,0.44444,0.00629,0.00124,3.46318,4.81967,3.61501,0.000957358,0.000957358,0.000957358
45,190.327,2.31103,2.53167,2.61186,0.51362,0.11111,0.01508,0.00298,3.49799,4.93733,3.84446,0.000940855,0.000940855,0.000940855
46,193.971,2.12402,2.37734,2.46347,0.55209,0.44444,0.09594,0.03511,2.71417,5.22251,3.10778,0.000924352,0.000924352,0.000924352
47,198,2.31043,2.47967,2.52657,0.67558,0.33333,0.23473,0.07744,2.61271,4.03337,2.96186,0.000907848,0.000907848,0.000907848
48,201.945,2.20087,2.42584,2.49226,0.2181,0.55556,0.18254,0.04011,2.763,4.30332,2.92221,0.000891345,0.000891345,0.000891345
49,205.974,2.08829,2.26214,2.4706,0.18415,0.5,0.15599,0.02449,2.91076,4.09986,3.06423,0.000874842,0.000874842,0.000874842
50,209.848,2.22534,2.41548,2.56715,0.13424,0.33333,0.15605,0.03761,2.66672,2.87025,2.90647,0.000858338,0.000858338,0.000858338
51,213.853,2.1931,2.32059,2.51819,0.64058,0.33333,0.24638,0.059,2.53209,2.54535,2.73519,0.000841835,0.000841835,0.000841835
52,218.09,2.22364,2.23071,2.50758,0.07239,0.44558,0.12462,0.03256,2.66262,2.80723,2.83621,0.000825332,0.000825332,0.000825332
53,221.733,2.10215,2.23315,2.46006,0.03453,0.27778,0.04912,0.01467,2.6964,3.27487,2.83507,0.000808828,0.000808828,0.000808828
54,225.741,2.1866,2.28426,2.51399,0.04444,0.55556,0.04332,0.01111,2.71126,3.70773,2.89385,0.000792325,0.000792325,0.000792325
55,229.7,2.14491,2.2178,2.57197,0.59065,0.05556,0.05543,0.01222,2.59743,4.48243,2.78703,0.000775822,0.000775822,0.000775822
56,233.405,2.12956,2.37878,2.54028,0.03503,0.5,0.06484,0.01521,2.60446,4.22303,2.84921,0.000759318,0.000759318,0.000759318
57,237.412,2.12985,2.30447,2.46342,0.05933,0.33333,0.11433,0.03219,2.67628,3.43403,3.08892,0.000742815,0.000742815,0.000742815
58,241.279,2.10091,2.27672,2.46081,0.67284,0.16667,0.23675,0.08818,2.50218,2.54725,2.81876,0.000726312,0.000726312,0.000726312
59,244.905,2.1171,2.33256,2.388,0.19864,0.66667,0.33032,0.11599,2.47151,2.40472,2.75791,0.000709809,0.000709809,0.000709809
60,249.424,2.13103,2.34325,2.42684,0.14825,0.27778,0.27913,0.07582,2.56694,2.39979,2.79446,0.000693305,0.000693305,0.000693305
61,253.48,2.0423,2.10939,2.46858,0.16552,0.22222,0.27783,0.08445,2.54628,2.50818,2.80049,0.000676802,0.000676802,0.000676802
62,260.165,1.9878,2.08118,2.39496,0.75722,0.16667,0.28321,0.09918,2.43671,2.56549,2.70798,0.000660299,0.000660299,0.000660299
63,264.294,2.01745,2.00352,2.44803,0.73596,0.27778,0.33772,0.12987,2.40291,2.57236,2.6702,0.000643795,0.000643795,0.000643795
64,270.589,2.00235,2.0328,2.43348,0.96783,0.38889,0.46746,0.1704,2.28445,2.61114,2.58893,0.000627292,0.000627292,0.000627292
65,275.73,2.07882,2.11085,2.47131,0.86361,0.33333,0.42255,0.14102,2.4609,2.69488,2.78192,0.000610789,0.000610789,0.000610789
66,279.596,2.05837,2.04168,2.42103,0.31401,0.27778,0.31207,0.05314,2.80788,2.5107,3.14656,0.000594286,0.000594286,0.000594286
67,286.888,2.15687,2.12475,2.42986,0.10963,0.22222,0.17594,0.05294,2.62111,2.58602,2.9681,0.000577782,0.000577782,0.000577782
68,290.964,2.06014,2.10014,2.39186,0.26291,0.30935,0.37703,0.15507,2.17705,2.83983,2.57555,0.000561279,0.000561279,0.000561279
69,297.232,2.02032,2.01496,2.42026,0.22734,0.38889,0.36094,0.16873,2.0322,2.76224,2.43051,0.000544776,0.000544776,0.000544776
70,301.433,2.1072,2.3572,2.41209,0.31519,0.5,0.50566,0.22527,2.05837,2.10692,2.42087,0.000528272,0.000528272,0.000528272
71,306.269,2.006,2.06085,2.37466,0.25061,0.88889,0.49462,0.20633,2.11467,1.91364,2.51536,0.000511769,0.000511769,0.000511769
72,310.037,1.97377,2.12352,2.34588,0.30683,0.88889,0.51479,0.17295,2.23318,1.84006,2.61906,0.000495266,0.000495266,0.000495266
73,314.07,2.04181,1.98581,2.37251,0.28292,0.7748,0.47054,0.16424,2.29519,1.89362,2.64525,0.000478762,0.000478762,0.000478762
74,318.417,1.97292,2.08321,2.37643,0.26556,0.64779,0.42427,0.17833,2.3476,2.03623,2.67389,0.000462259,0.000462259,0.000462259
75,322.123,2.08373,2.09093,2.39261,0.41694,0.44102,0.47713,0.14736,2.36588,2.1387,2.66412,0.000445756,0.000445756,0.000445756
76,325.96,1.94879,2.09742,2.26358,0.35624,0.55556,0.39156,0.10904,2.50486,2.30351,2.75663,0.000429253,0.000429253,0.000429253
77,330.114,1.95988,2.03062,2.32321,0.23553,0.61111,0.27616,0.10367,2.554,2.25902,2.77467,0.000412749,0.000412749,0.000412749
78,333.817,2.01388,1.9586,2.39062,0.41621,0.72222,0.53253,0.22931,2.47346,2.02974,2.73972,0.000396246,0.000396246,0.000396246
79,340.422,1.9709,1.99477,2.33645,0.40892,0.55556,0.58016,0.25406,2.45261,1.91276,2.71211,0.000379743,0.000379743,0.000379743
80,344.739,1.89388,2.01099,2.31032,0.41212,0.7458,0.58045,0.24302,2.2602,1.89864,2.56356,0.000363239,0.000363239,0.000363239
81,348.445,1.98828,1.88531,2.29348,0.4088,0.77778,0.55564,0.22934,2.1902,1.92647,2.54023,0.000346736,0.000346736,0.000346736
82,352.39,1.98937,1.80171,2.32876,0.45193,0.51887,0.56129,0.21761,2.18221,1.90849,2.55283,0.000330233,0.000330233,0.000330233
83,356.521,1.86787,1.89936,2.2551,0.47387,0.51794,0.57307,0.24633,2.19599,1.94094,2.57977,0.000313729,0.000313729,0.000313729
84,360.289,1.97797,1.97578,2.3107,0.51337,0.83333,0.57052,0.23842,2.18268,1.95746,2.56697,0.000297226,0.000297226,0.000297226
85,363.883,1.93805,1.78056,2.26586,0.50905,0.72222,0.62315,0.24438,2.18039,1.96209,2.54719,0.000280723,0.000280723,0.000280723
86,368.085,2.0261,2.10961,2.36115,0.43427,0.77778,0.60175,0.22347,2.19057,2.00911,2.55569,0.00026422,0.00026422,0.00026422
87,371.851,1.92998,1.88356,2.30743,0.38054,0.807,0.49925,0.19568,2.21426,2.04176,2.57901,0.000247716,0.000247716,0.000247716
88,375.543,1.87279,1.74357,2.28086,0.34583,0.74123,0.48078,0.15539,2.31718,2.10893,2.68503,0.000231213,0.000231213,0.000231213
89,379.602,1.99683,1.87122,2.40581,0.35029,0.72222,0.46454,0.15582,2.34475,2.13581,2.71608,0.00021471,0.00021471,0.00021471
90,384.07,1.90344,1.80812,2.2896,0.32408,0.61111,0.45984,0.14567,2.37804,2.15509,2.76382,0.000198206,0.000198206,0.000198206
91,389.189,2.03367,2.21532,2.50636,0.4148,0.57917,0.50912,0.16497,2.35199,2.09367,2.74187,0.000181703,0.000181703,0.000181703
92,393.224,1.87736,2.04741,2.35779,0.64098,0.72222,0.70517,0.25114,2.25022,1.87015,2.60572,0.0001652,0.0001652,0.0001652
93,396.881,2.02097,1.82989,2.44423,0.65734,0.64597,0.7538,0.28177,2.1963,1.74808,2.52112,0.000148696,0.000148696,0.000148696
94,404.558,1.94574,1.73403,2.33763,0.83011,0.77778,0.87712,0.35987,2.16873,1.6369,2.45242,0.000132193,0.000132193,0.000132193
95,413.866,1.93096,1.65118,2.33371,0.86556,0.80575,0.90817,0.37011,2.14925,1.592,2.42311,0.00011569,0.00011569,0.00011569
96,420.164,1.85689,1.63784,2.2454,0.95566,0.83216,0.90514,0.39711,2.06594,1.53581,2.36063,9.91865e-05,9.91865e-05,9.91865e-05
97,431.084,1.84194,1.5467,2.26095,0.88116,0.77778,0.89573,0.39934,2.02823,1.54187,2.34715,8.26832e-05,8.26832e-05,8.26832e-05
98,436.011,1.78687,1.54252,2.1959,0.89449,0.75913,0.88395,0.40106,1.96909,1.52997,2.31746,6.61799e-05,6.61799e-05,6.61799e-05
99,440.842,1.76116,1.46289,2.20834,0.87442,0.74968,0.89627,0.42474,1.94717,1.52506,2.31993,4.96766e-05,4.96766e-05,4.96766e-05
100,446.252,1.83245,1.44953,2.26974,0.86521,0.79966,0.89334,0.41651,1.93253,1.52065,2.31874,3.31733e-05,3.31733e-05,3.31733e-05
